AcaemicBlue	AcademicBlue	3		
AcaemicBlues	AcademicBlues	3		
Aisian	Asian	3		
Alexnder	Alexander	3		
Alexnder's	Alexander's	3		
Alexnders	Alexanders	3		
Amercia	America	3		
Amstberg	Amtsberg	3		
Amstberg's	Amtsberg's	3		
Amstbergs	Amtsbergs	3		
Antractica	Antarctica	3		
Antractica's	Antarctica's	3		
Archimedian	Archimedean	3		
Athenean	Athenian	3		
Atheneans	Athenians	3		
Begium	Belgium	3		
Begium's	Belgium's	3		
Beligum	Belgium	3		
Beligum's	Belgium's	3		
Bendictine	Benedictine	3		
Bendictine's	Benedictine's	3		
Bendictines	Benedictines	3		
Bernouilli	Bernoulli	3		
Bethoven	Beethoven	3		
Bethoven's	Beethoven's	3		
Blitzkreig	Blitzkrieg	3		
Blitzkreig's	Blitzkrieg's	3		
Bonnano	Bonanno	3		
Brasillian	Brazilian	3		
Britian	Britain	3		
Brittish	British	3		
Buddah	Buddha	3		
Buddist	Buddhist	3		
Carnagie	Carnegie	3		
Carnagie's	Carnegie's	3		
Carnigie	Carnegie	3		
Carnigie's	Carnegie's	3		
Carribbean	Caribbean	3		
Carribean	Caribbean	3		
Cathoilic	Catholic	3		
Cathoilic's	Catholic's	3		
Cathoilics	Catholics	3		
Catholocism	Catholicism	3		
Ceasar	Caesar	3		
Ceasar's	Caesar's	3		
Celcius	Celsius	3		
Champange	Champagne	3		
Champange's	Champagne's	3		
Chigaco	Chicago	3		
Chigaco's	Chicago's	3		
Chocolately	Chocolatey	3		
Chocolately's	Chocolatey's	3		
Chrismas	Christmas	3		
Chrismas's	Christmas's	3		
Chrismases	Christmases	3		
Cincinatti	Cincinnati	3		
Cincinnatti	Cincinnati	3		
Comentiy	Comenity	3		
Comentiy's	Comenity's	3		
Commodo	Comodo	3		
Commodo's	Comodo's	3		
communidad	comunidad	3		
communidad's	comunidad's	3		
communidads	comunidads	3		
Conneticut	Connecticut	3		
Conneticut's	Connecticut's	3		
Croation	Croatian	3		
Croation's	Croatian's	3		
Croations	Croatians	3		
Dardenelles	Dardanelles	3		
Dicken	Dickens	3		
Dicken's	Dickens's	3		
Dudavera	Dudareva	3		
Europian	European	3		
Europians	Europeans	3		
Eurpean	European	3		
Eurpoean	European	3		
Farenheit	Fahrenheit	3		
Febuary	February	3		
Feburary	February	3		
Fitzpatick	Fitzpatrick	3		
Flemmish	Flemish	3		
Flinstone	Flintstone	3		
Flinstone's	Flintstone's	3		
Flinstones	Flintstones	3		
Fransiscan	Franciscan	3		
Fransiscans	Franciscans	3		
Galations	Galatians	3		
Ghandi	Gandhi	3		
Gothenberg	Gothenburg	3		
Gottleib	Gottlieb	3		
Guassian	Gaussian	3		
Guatamala	Guatemala	3		
Guatamalan	Guatemalan	3		
Guilia	Giulia	3		
Guilio	Giulio	3		
Guiness	Guinness	3		
Guiseppe	Giuseppe	3		
Habsbourg	Hapsburg	3		
Hangeul	Hangul	3		
Hatian	Haitian	3		
Heidelburg	Heidelberg	3		
Hondurus	Honduras	3		
Hondurus's	Honduras's	3		
Idianapolis	Indianapolis	3		
Idianapolis's	Indianapolis's	3		
Ihaca	Ithaca	3		
Instragram	Instagram	3		
Instragram's	Instagram's	3		
Israelies	Israelis	3		
Italium	Itanium, Italicum	3		
Italium's	Itanium's, Italicum's	3		
Italiums	Itaniums, Italicums	3		
Japanes	Japanese	3		
Javitz	Javits	3		
Jeruselum	Jerusalem	3		
Jeruselum's	Jerusalem's	3		
Jospeh	Joseph	3		
Jospeh's	Joseph's	3		
Juadaism	Judaism	3		
Juadism	Judaism	3		
Kindergarden	Kindergarten	3		
Kindergarden's	Kindergarten's	3		
Lotharingen	Lothringen	3		
Lybia	Libya	3		
Malcom	Malcolm	3		
Marriot	Marriott	3		
Marriot's	Marriott's	3		
Marriots	Marriotts	3		
Massachusett	Massachusetts	3		
Massachussets	Massachusetts	3		
Massachussetts	Massachusetts	3		
Mediterainnean	Mediterranean	3		
Mediteranean	Mediterranean	3		
Michagan	Michigan	3		
Microosoft	Microsoft	3		
Microosoft's	Microsoft's	3		
Microsfot	Microsoft	3		
Microsfot's	Microsoft's	3		
Microsft	Microsoft	3		
Microsft's	Microsoft's	3		
Microsot	Microsoft	3		
Microsot's	Microsoft's	3		
Misouri	Missouri	3		
Missisipi	Mississippi	3		
Missisippi	Mississippi	3		
Montesorri	Montessori	3		
Montnana	Montana	3		
Morisette	Morissette	3		
Morrisette	Morissette	3		
Morroccan	Moroccan	3		
Morrocco	Morocco	3		
Morroco	Morocco	3		
Mythraic	Mithraic	3		
Nazereth	Nazareth	3		
Nazereth's	Nazareth's	3		
Nullabour	Nullarbor	3		
Nuremburg	Nuremberg	3		
Palistian	Palestinian	3		
Palistinian	Palestinian	3		
Palistinians	Palestinians	3		
pathenol	panthenol	3		
pathenol's	panthenol's	3		
pathenols	panthenols	3		
Peloponnes	Peloponnese	3		
Peloponnesus	Peloponnese	3		
Pennyslvania	Pennsylvania	3		
Pennyslvania's	Pennsylvania's	3		
PeopleSfoft	PeopleSoft	3		
PeopleSfoft's	PeopleSoft's	3		
Pharoah	Pharaoh	3		
Pharoah's	Pharaoh's	3		
Pharoahs	Pharaohs	3		
Phillipine	Philippine	3		
Phillipines	Philippines	3		
Phillippines	Philippines	3		
Phoenecian	Phoenician	3		
Phonecian	Phoenician	3		
Pintrest	Pinterest	3		
Pintrest's	Pinterest's	3		
Portugese	Portuguese	3		
Portuguease	Portuguese	3		
Portugues	Portuguese	3		
Postdam	Potsdam	3		
Puertorrican	Puerto Rican	3		
Puertorricans	Puerto Ricans	3		
Queenland	Queensland	3		
Rockerfeller	Rockefeller	3		
Rockfeller	Rockefeller	3		
Rockfeller's	Rockefeller's	3		
Rockfellers	Rockefellers	3		
Rodirguez	Rodriguez	3		
Rodirguez's	Rodriguez's	3		
Rodirguezes	Rodriguezes	3		
Russion	Russian	3		
Sacremento	Sacramento	3		
Sebastain	Sebastian	3		
Sebastain's	Sebastian's	3		
Sebastains	Sebastians	3		
Sweeden	Sweden	3		
Sweeden's	Sweden's	3		
Tolkein	Tolkien	3		
Ukranian	Ukrainian	3		
UnitesStates	United States	3		
Utahns	Utahans	3		
Vileck	Vilcek	3		
Vileck's	Vilcek's	3		
Wallce	Wallace	3		
Wallce's	Wallace's	3		
Wallces	Wallaces	3		
Zimperuim	Zimperium	3		
Zimperuim's	Zimperium's	3		
